-- MySQL dump 10.13  Distrib 5.7.17, for osx10.12 (x86_64)
--
-- Host: localhost    Database: cammabase
-- ------------------------------------------------------
-- Server version	5.7.17

/*!40101 SET @OLD_CHARACTER_SET_CLIENT=@@CHARACTER_SET_CLIENT */;
/*!40101 SET @OLD_CHARACTER_SET_RESULTS=@@CHARACTER_SET_RESULTS */;
/*!40101 SET @OLD_COLLATION_CONNECTION=@@COLLATION_CONNECTION */;
/*!40101 SET NAMES utf8 */;
/*!40103 SET @OLD_TIME_ZONE=@@TIME_ZONE */;
/*!40103 SET TIME_ZONE='+00:00' */;
/*!40014 SET @OLD_UNIQUE_CHECKS=@@UNIQUE_CHECKS, UNIQUE_CHECKS=0 */;
/*!40014 SET @OLD_FOREIGN_KEY_CHECKS=@@FOREIGN_KEY_CHECKS, FOREIGN_KEY_CHECKS=0 */;
/*!40101 SET @OLD_SQL_MODE=@@SQL_MODE, SQL_MODE='NO_AUTO_VALUE_ON_ZERO' */;
/*!40111 SET @OLD_SQL_NOTES=@@SQL_NOTES, SQL_NOTES=0 */;

--
-- Table structure for table `categories`
--

DROP TABLE IF EXISTS `categories`;
/*!40101 SET @saved_cs_client     = @@character_set_client */;
/*!40101 SET character_set_client = utf8 */;
CREATE TABLE `categories` (
  `id` int(10) unsigned NOT NULL AUTO_INCREMENT,
  `parent_id` int(10) unsigned DEFAULT NULL,
  `order` int(11) NOT NULL DEFAULT '1',
  `name` varchar(190) COLLATE utf8mb4_unicode_ci NOT NULL,
  `slug` varchar(190) COLLATE utf8mb4_unicode_ci NOT NULL,
  `created_at` timestamp NULL DEFAULT NULL,
  `updated_at` timestamp NULL DEFAULT NULL,
  PRIMARY KEY (`id`),
  UNIQUE KEY `categories_slug_unique` (`slug`),
  KEY `categories_parent_id_foreign` (`parent_id`),
  CONSTRAINT `categories_parent_id_foreign` FOREIGN KEY (`parent_id`) REFERENCES `categories` (`id`) ON DELETE SET NULL ON UPDATE CASCADE
) ENGINE=InnoDB AUTO_INCREMENT=3 DEFAULT CHARSET=utf8mb4 COLLATE=utf8mb4_unicode_ci;
/*!40101 SET character_set_client = @saved_cs_client */;

--
-- Dumping data for table `categories`
--

LOCK TABLES `categories` WRITE;
/*!40000 ALTER TABLE `categories` DISABLE KEYS */;
INSERT INTO `categories` VALUES (1,NULL,1,'Category 1','category-1','2017-06-25 06:36:16','2017-06-25 06:36:16'),(2,NULL,1,'Category 2','category-2','2017-06-25 06:36:16','2017-06-25 06:36:16');
/*!40000 ALTER TABLE `categories` ENABLE KEYS */;
UNLOCK TABLES;

--
-- Table structure for table `clients`
--

DROP TABLE IF EXISTS `clients`;
/*!40101 SET @saved_cs_client     = @@character_set_client */;
/*!40101 SET character_set_client = utf8 */;
CREATE TABLE `clients` (
  `id` int(10) unsigned NOT NULL AUTO_INCREMENT,
  `description` longtext COLLATE utf8_unicode_ci,
  `logo` longtext COLLATE utf8_unicode_ci,
  `created_at` timestamp NULL DEFAULT NULL,
  `updated_at` timestamp NULL DEFAULT NULL,
  PRIMARY KEY (`id`)
) ENGINE=InnoDB AUTO_INCREMENT=6 DEFAULT CHARSET=utf8 COLLATE=utf8_unicode_ci;
/*!40101 SET character_set_client = @saved_cs_client */;

--
-- Dumping data for table `clients`
--

LOCK TABLES `clients` WRITE;
/*!40000 ALTER TABLE `clients` DISABLE KEYS */;
INSERT INTO `clients` VALUES (1,'CISCO Local Network Co.,Ltd','clients/June2017/Jt9P5nI1ebE0I1kNrBm1.jpg','2017-06-27 05:50:07','2017-06-27 05:50:07'),(2,'Mazda In.','clients/June2017/oERns4chWwmp3ljuPndg.jpg','2017-06-27 05:50:38','2017-06-27 05:50:38'),(3,'New Zealand Co.,Ltd','clients/June2017/wyivAvYCNT8rhBpHJ1Oi.jpg','2017-06-27 05:51:10','2017-06-27 05:51:10'),(4,'Samsung Mobile In','clients/June2017/woDUTlEEkuq9nMafPWms.jpg','2017-06-27 05:51:35','2017-06-27 05:51:35'),(5,'Singapore Airline Fly','clients/June2017/gepmpgdam1celaSSVUMF.jpg','2017-06-27 05:59:45','2017-06-27 05:59:45');
/*!40000 ALTER TABLE `clients` ENABLE KEYS */;
UNLOCK TABLES;

--
-- Table structure for table `data_types`
--

DROP TABLE IF EXISTS `data_types`;
/*!40101 SET @saved_cs_client     = @@character_set_client */;
/*!40101 SET character_set_client = utf8 */;
CREATE TABLE `data_types` (
  `id` int(10) unsigned NOT NULL AUTO_INCREMENT,
  `name` varchar(190) COLLATE utf8mb4_unicode_ci NOT NULL,
  `slug` varchar(190) COLLATE utf8mb4_unicode_ci NOT NULL,
  `display_name_singular` varchar(255) COLLATE utf8mb4_unicode_ci NOT NULL,
  `display_name_plural` varchar(255) COLLATE utf8mb4_unicode_ci NOT NULL,
  `icon` varchar(255) COLLATE utf8mb4_unicode_ci DEFAULT NULL,
  `model_name` varchar(255) COLLATE utf8mb4_unicode_ci DEFAULT NULL,
  `controller` varchar(255) COLLATE utf8mb4_unicode_ci DEFAULT NULL,
  `description` varchar(255) COLLATE utf8mb4_unicode_ci DEFAULT NULL,
  `generate_permissions` tinyint(1) NOT NULL DEFAULT '0',
  `server_side` tinyint(4) NOT NULL DEFAULT '0',
  `created_at` timestamp NULL DEFAULT NULL,
  `updated_at` timestamp NULL DEFAULT NULL,
  PRIMARY KEY (`id`),
  UNIQUE KEY `data_types_name_unique` (`name`),
  UNIQUE KEY `data_types_slug_unique` (`slug`)
) ENGINE=InnoDB AUTO_INCREMENT=10 DEFAULT CHARSET=utf8mb4 COLLATE=utf8mb4_unicode_ci;
/*!40101 SET character_set_client = @saved_cs_client */;

--
-- Table structure for table `data_rows`
--

DROP TABLE IF EXISTS `data_rows`;
/*!40101 SET @saved_cs_client     = @@character_set_client */;
/*!40101 SET character_set_client = utf8 */;
CREATE TABLE `data_rows` (
  `id` int(10) unsigned NOT NULL AUTO_INCREMENT,
  `data_type_id` int(10) unsigned NOT NULL,
  `field` varchar(255) COLLATE utf8mb4_unicode_ci NOT NULL,
  `type` varchar(255) COLLATE utf8mb4_unicode_ci NOT NULL,
  `display_name` varchar(255) COLLATE utf8mb4_unicode_ci NOT NULL,
  `required` tinyint(1) NOT NULL DEFAULT '0',
  `browse` tinyint(1) NOT NULL DEFAULT '1',
  `read` tinyint(1) NOT NULL DEFAULT '1',
  `edit` tinyint(1) NOT NULL DEFAULT '1',
  `add` tinyint(1) NOT NULL DEFAULT '1',
  `delete` tinyint(1) NOT NULL DEFAULT '1',
  `details` text COLLATE utf8mb4_unicode_ci,
  `order` int(11) NOT NULL DEFAULT '1',
  PRIMARY KEY (`id`),
  KEY `data_rows_data_type_id_foreign` (`data_type_id`),
  CONSTRAINT `data_rows_data_type_id_foreign` FOREIGN KEY (`data_type_id`) REFERENCES `data_types` (`id`) ON DELETE CASCADE ON UPDATE CASCADE
) ENGINE=InnoDB AUTO_INCREMENT=74 DEFAULT CHARSET=utf8mb4 COLLATE=utf8mb4_unicode_ci;
/*!40101 SET character_set_client = @saved_cs_client */;

--
-- Dumping data for table `data_rows`
--

LOCK TABLES `data_rows` WRITE;
/*!40000 ALTER TABLE `data_rows` DISABLE KEYS */;
INSERT INTO `data_rows` VALUES (1,1,'id','number','ID',1,0,0,0,0,0,'',1),(2,1,'author_id','text','Author',1,0,1,1,0,1,'',2),(3,1,'category_id','text','Category',1,0,1,1,1,0,'',3),(4,1,'title','text','Title',1,1,1,1,1,1,'',4),(5,1,'excerpt','text_area','excerpt',1,0,1,1,1,1,'',5),(6,1,'body','rich_text_box','Body',1,0,1,1,1,1,'',6),(7,1,'image','image','Post Image',0,1,1,1,1,1,'\n{\n    \"resize\": {\n        \"width\": \"1000\",\n        \"height\": \"null\"\n    },\n    \"quality\": \"70%\",\n    \"upsize\": true,\n    \"thumbnails\": [\n        {\n            \"name\": \"medium\",\n            \"scale\": \"50%\"\n        },\n        {\n            \"name\": \"small\",\n            \"scale\": \"25%\"\n        },\n        {\n            \"name\": \"cropped\",\n            \"crop\": {\n                \"width\": \"300\",\n                \"height\": \"250\"\n            }\n        }\n    ]\n}',7),(8,1,'slug','text','slug',1,0,1,1,1,1,'\n{\n    \"slugify\": {\n        \"origin\": \"title\",\n        \"forceUpdate\": true\n    }\n}',8),(9,1,'meta_description','text_area','meta_description',1,0,1,1,1,1,'',9),(10,1,'meta_keywords','text_area','meta_keywords',1,0,1,1,1,1,'',10),(11,1,'status','select_dropdown','status',1,1,1,1,1,1,'\n{\n    \"default\": \"DRAFT\",\n    \"options\": {\n        \"PUBLISHED\": \"published\",\n        \"DRAFT\": \"draft\",\n        \"PENDING\": \"pending\"\n    }\n}',11),(12,1,'created_at','timestamp','created_at',0,1,1,0,0,0,'',12),(13,1,'updated_at','timestamp','updated_at',0,0,0,0,0,0,'',13),(14,2,'id','number','id',1,0,0,0,0,0,'',1),(15,2,'author_id','text','author_id',1,0,0,0,0,0,'',2),(16,2,'title','text','title',1,1,1,1,1,1,'',3),(17,2,'excerpt','text_area','excerpt',1,0,1,1,1,1,'',4),(18,2,'body','rich_text_box','body',1,0,1,1,1,1,'',5),(19,2,'slug','text','slug',1,0,1,1,1,1,'{\"slugify\":{\"origin\":\"title\"}}',6),(20,2,'meta_description','text','meta_description',1,0,1,1,1,1,'',7),(21,2,'meta_keywords','text','meta_keywords',1,0,1,1,1,1,'',8),(22,2,'status','select_dropdown','status',1,1,1,1,1,1,'{\"default\":\"INACTIVE\",\"options\":{\"INACTIVE\":\"INACTIVE\",\"ACTIVE\":\"ACTIVE\"}}',9),(23,2,'created_at','timestamp','created_at',1,1,1,0,0,0,'',10),(24,2,'updated_at','timestamp','updated_at',1,0,0,0,0,0,'',11),(25,2,'image','image','image',0,1,1,1,1,1,'',12),(26,3,'id','number','id',1,0,0,0,0,0,'',1),(27,3,'name','text','name',1,1,1,1,1,1,'',2),(28,3,'email','text','email',1,1,1,1,1,1,'',3),(29,3,'password','password','password',1,0,0,1,1,0,'',4),(30,3,'remember_token','text','remember_token',0,0,0,0,0,0,'',5),(31,3,'created_at','timestamp','created_at',0,1,1,0,0,0,'',6),(32,3,'updated_at','timestamp','updated_at',0,0,0,0,0,0,'',7),(33,3,'avatar','image','avatar',0,1,1,1,1,1,'',8),(34,5,'id','number','id',1,0,0,0,0,0,'',1),(35,5,'name','text','name',1,1,1,1,1,1,'',2),(36,5,'created_at','timestamp','created_at',0,0,0,0,0,0,'',3),(37,5,'updated_at','timestamp','updated_at',0,0,0,0,0,0,'',4),(38,4,'id','number','id',1,0,0,0,0,0,'',1),(39,4,'parent_id','select_dropdown','parent_id',0,0,1,1,1,1,'{\"default\":\"\",\"null\":\"\",\"options\":{\"\":\"-- None --\"},\"relationship\":{\"key\":\"id\",\"label\":\"name\"}}',2),(40,4,'order','text','order',1,1,1,1,1,1,'{\"default\":1}',3),(41,4,'name','text','name',1,1,1,1,1,1,'',4),(42,4,'slug','text','slug',1,1,1,1,1,1,'',5),(43,4,'created_at','timestamp','created_at',0,0,1,0,0,0,'',6),(44,4,'updated_at','timestamp','updated_at',0,0,0,0,0,0,'',7),(45,6,'id','number','id',1,0,0,0,0,0,'',1),(46,6,'name','text','Name',1,1,1,1,1,1,'',2),(47,6,'created_at','timestamp','created_at',0,0,0,0,0,0,'',3),(48,6,'updated_at','timestamp','updated_at',0,0,0,0,0,0,'',4),(49,6,'display_name','text','Display Name',1,1,1,1,1,1,'',5),(50,1,'seo_title','text','seo_title',0,1,1,1,1,1,'',14),(51,1,'featured','checkbox','featured',1,1,1,1,1,1,'',15),(52,3,'role_id','text','role_id',1,1,1,1,1,1,'',9),(53,7,'id','text','Id',1,0,0,0,0,0,NULL,1),(54,7,'full_name','text','Full Name',0,1,1,1,1,1,NULL,2),(55,7,'phone_number','text','Phone Number',0,1,1,1,1,1,NULL,3),(56,7,'email_address','text','Email Address',0,1,1,1,1,1,NULL,4),(57,7,'avatar','image','Avatar',0,1,1,1,1,1,NULL,5),(58,7,'description','rich_text_box','Description',0,1,1,1,1,1,NULL,6),(59,7,'created_at','timestamp','Created At',0,1,1,0,0,0,NULL,7),(60,7,'updated_at','timestamp','Updated At',0,0,0,0,0,0,NULL,8),(61,7,'deleted_at','timestamp','Deleted At',0,0,0,0,0,0,NULL,9),(62,8,'id','checkbox','Id',1,0,0,0,0,0,NULL,1),(63,8,'description','text','Description',0,1,1,1,1,1,NULL,2),(65,8,'logo','image','Logo',0,1,1,1,1,1,NULL,3),(66,8,'created_at','timestamp','Created At',0,1,1,0,0,0,NULL,4),(67,8,'updated_at','timestamp','Updated At',0,0,0,0,0,0,NULL,5),(68,9,'id','checkbox','Id',1,0,0,0,0,0,NULL,1),(69,9,'name','text','Name',0,1,1,1,1,1,NULL,2),(70,9,'icon','image','Icon',0,1,1,1,1,1,NULL,3),(71,9,'description','rich_text_box','Description',0,1,1,1,1,1,NULL,4),(72,9,'created_at','timestamp','Created At',0,1,1,0,0,0,NULL,5),(73,9,'updated_at','timestamp','Updated At',0,0,0,0,0,0,NULL,6);
/*!40000 ALTER TABLE `data_rows` ENABLE KEYS */;
UNLOCK TABLES;

--
-- Dumping data for table `data_types`
--

LOCK TABLES `data_types` WRITE;
/*!40000 ALTER TABLE `data_types` DISABLE KEYS */;
INSERT INTO `data_types` VALUES (1,'posts','posts','Post','Posts','voyager-news','TCG\\Voyager\\Models\\Post','','',1,0,'2017-06-25 06:36:16','2017-06-25 06:36:16'),(2,'pages','pages','Page','Pages','voyager-file-text','TCG\\Voyager\\Models\\Page','','',1,0,'2017-06-25 06:36:16','2017-06-25 06:36:16'),(3,'users','users','User','Users','voyager-person','TCG\\Voyager\\Models\\User','','',1,0,'2017-06-25 06:36:16','2017-06-25 06:36:16'),(4,'categories','categories','Category','Categories','voyager-categories','TCG\\Voyager\\Models\\Category','','',1,0,'2017-06-25 06:36:16','2017-06-25 06:36:16'),(5,'menus','menus','Menu','Menus','voyager-list','TCG\\Voyager\\Models\\Menu','','',1,0,'2017-06-25 06:36:16','2017-06-25 06:36:16'),(6,'roles','roles','Role','Roles','voyager-lock','TCG\\Voyager\\Models\\Role','','',1,0,'2017-06-25 06:36:16','2017-06-25 06:36:16'),(7,'teams','teams','Team','Teams',NULL,'Theavuth\\Team',NULL,NULL,1,0,'2017-06-25 06:56:52','2017-06-25 06:56:52'),(8,'clients','clients','Client','Clients',NULL,'Theavuth\\Client',NULL,NULL,1,0,'2017-06-26 22:53:09','2017-06-26 22:53:09'),(9,'expertises','expertises','Expertise','Expertises',NULL,'Theavuth\\Expertise',NULL,NULL,1,0,'2017-06-27 06:11:52','2017-06-27 06:11:52');
/*!40000 ALTER TABLE `data_types` ENABLE KEYS */;
UNLOCK TABLES;

--
-- Table structure for table `expertises`
--

DROP TABLE IF EXISTS `expertises`;
/*!40101 SET @saved_cs_client     = @@character_set_client */;
/*!40101 SET character_set_client = utf8 */;
CREATE TABLE `expertises` (
  `id` int(10) unsigned NOT NULL AUTO_INCREMENT,
  `name` longtext COLLATE utf8_unicode_ci,
  `icon` longtext COLLATE utf8_unicode_ci,
  `description` text COLLATE utf8_unicode_ci,
  `created_at` timestamp NULL DEFAULT NULL,
  `updated_at` timestamp NULL DEFAULT NULL,
  PRIMARY KEY (`id`)
) ENGINE=InnoDB AUTO_INCREMENT=5 DEFAULT CHARSET=utf8 COLLATE=utf8_unicode_ci;
/*!40101 SET character_set_client = @saved_cs_client */;

--
-- Dumping data for table `expertises`
--

LOCK TABLES `expertises` WRITE;
/*!40000 ALTER TABLE `expertises` DISABLE KEYS */;
INSERT INTO `expertises` VALUES (1,'Training & Development Programs','expertises/June2017/X2qtpNoZXBFGwtZgSwJX.png','<p>Public Training Programs</p>\r\n<p>Customized Training Programs</p>','2017-06-27 06:17:54','2017-06-27 06:17:54'),(2,'Mentoring and Coaching Program','expertises/June2017/jtkHhvuWHUpBkjNqqa5H.png',NULL,'2017-06-27 06:23:51','2017-06-27 06:23:51'),(3,'Teamwork and Teambuilding Program','expertises/June2017/oTul3rj7pzIXE32cMy32.png',NULL,'2017-06-27 06:24:34','2017-06-27 06:24:34'),(4,'Web Solutions','expertises/June2017/z6VxWba35YxLwpQOKdj5.png',NULL,'2017-06-27 06:25:04','2017-06-27 06:25:04');
/*!40000 ALTER TABLE `expertises` ENABLE KEYS */;
UNLOCK TABLES;

--
-- Table structure for table `menu_items`
--

DROP TABLE IF EXISTS `menu_items`;
/*!40101 SET @saved_cs_client     = @@character_set_client */;
/*!40101 SET character_set_client = utf8 */;
CREATE TABLE `menu_items` (
  `id` int(10) unsigned NOT NULL AUTO_INCREMENT,
  `menu_id` int(10) unsigned DEFAULT NULL,
  `title` varchar(255) COLLATE utf8mb4_unicode_ci NOT NULL,
  `url` varchar(255) COLLATE utf8mb4_unicode_ci NOT NULL,
  `target` varchar(255) COLLATE utf8mb4_unicode_ci NOT NULL DEFAULT '_self',
  `icon_class` varchar(255) COLLATE utf8mb4_unicode_ci DEFAULT NULL,
  `color` varchar(255) COLLATE utf8mb4_unicode_ci DEFAULT NULL,
  `parent_id` int(11) DEFAULT NULL,
  `order` int(11) NOT NULL,
  `created_at` timestamp NULL DEFAULT NULL,
  `updated_at` timestamp NULL DEFAULT NULL,
  `route` varchar(255) COLLATE utf8mb4_unicode_ci DEFAULT NULL,
  `parameters` text COLLATE utf8mb4_unicode_ci,
  PRIMARY KEY (`id`),
  KEY `menu_items_menu_id_foreign` (`menu_id`),
  CONSTRAINT `menu_items_menu_id_foreign` FOREIGN KEY (`menu_id`) REFERENCES `menus` (`id`) ON DELETE CASCADE
) ENGINE=InnoDB AUTO_INCREMENT=16 DEFAULT CHARSET=utf8mb4 COLLATE=utf8mb4_unicode_ci;
/*!40101 SET character_set_client = @saved_cs_client */;

--
-- Dumping data for table `menu_items`
--

LOCK TABLES `menu_items` WRITE;
/*!40000 ALTER TABLE `menu_items` DISABLE KEYS */;
INSERT INTO `menu_items` VALUES (1,1,'Dashboard','/admin','_self','voyager-boat',NULL,NULL,1,'2017-06-25 06:36:16','2017-06-25 06:36:16',NULL,NULL),(2,1,'Media','/admin/media','_self','voyager-images',NULL,NULL,4,'2017-06-25 06:36:16','2017-06-27 06:08:29',NULL,NULL),(3,1,'Posts','/admin/posts','_self','voyager-news',NULL,NULL,5,'2017-06-25 06:36:16','2017-06-27 06:08:29',NULL,NULL),(4,1,'Users','/admin/users','_self','voyager-person',NULL,NULL,3,'2017-06-25 06:36:16','2017-06-25 06:36:16',NULL,NULL),(5,1,'Categories','/admin/categories','_self','voyager-categories',NULL,NULL,7,'2017-06-25 06:36:16','2017-06-27 06:08:29',NULL,NULL),(6,1,'Pages','/admin/pages','_self','voyager-file-text',NULL,NULL,6,'2017-06-25 06:36:16','2017-06-27 06:08:29',NULL,NULL),(7,1,'Roles','/admin/roles','_self','voyager-lock',NULL,NULL,2,'2017-06-25 06:36:16','2017-06-25 06:36:16',NULL,NULL),(8,1,'Tools','','_self','voyager-tools',NULL,NULL,9,'2017-06-25 06:36:16','2017-06-27 06:07:06',NULL,NULL),(9,1,'Menu Builder','/admin/menus','_self','voyager-list',NULL,8,1,'2017-06-25 06:36:16','2017-06-25 06:58:21',NULL,NULL),(10,1,'Database','/admin/database','_self','voyager-data',NULL,8,2,'2017-06-25 06:36:16','2017-06-25 06:58:21',NULL,NULL),(11,1,'Settings','/admin/settings','_self','voyager-settings',NULL,NULL,10,'2017-06-25 06:36:16','2017-06-27 06:07:06',NULL,NULL),(12,1,'Teams','/admin/teams','_self','voyager-people','#000000',14,1,'2017-06-25 06:58:10','2017-06-27 06:07:08',NULL,''),(13,1,'Clients','/admin/clients','_self','voyager-barbeque','#000000',14,2,'2017-06-26 22:53:48','2017-06-27 06:07:08',NULL,''),(14,1,'Data Settings','','_self','voyager-plus','#000000',NULL,8,'2017-06-27 06:06:50','2017-06-27 06:08:29',NULL,''),(15,1,'Our Expertises','/admin/expertises','_self','voyager-diamond','#000000',14,3,'2017-06-27 06:12:47','2017-06-27 06:12:52',NULL,'');
/*!40000 ALTER TABLE `menu_items` ENABLE KEYS */;
UNLOCK TABLES;

--
-- Table structure for table `menus`
--

DROP TABLE IF EXISTS `menus`;
/*!40101 SET @saved_cs_client     = @@character_set_client */;
/*!40101 SET character_set_client = utf8 */;
CREATE TABLE `menus` (
  `id` int(10) unsigned NOT NULL AUTO_INCREMENT,
  `name` varchar(190) COLLATE utf8mb4_unicode_ci NOT NULL,
  `created_at` timestamp NULL DEFAULT NULL,
  `updated_at` timestamp NULL DEFAULT NULL,
  PRIMARY KEY (`id`),
  UNIQUE KEY `menus_name_unique` (`name`)
) ENGINE=InnoDB AUTO_INCREMENT=2 DEFAULT CHARSET=utf8mb4 COLLATE=utf8mb4_unicode_ci;
/*!40101 SET character_set_client = @saved_cs_client */;

--
-- Dumping data for table `menus`
--

LOCK TABLES `menus` WRITE;
/*!40000 ALTER TABLE `menus` DISABLE KEYS */;
INSERT INTO `menus` VALUES (1,'admin','2017-06-25 06:36:16','2017-06-25 06:36:16');
/*!40000 ALTER TABLE `menus` ENABLE KEYS */;
UNLOCK TABLES;

--
-- Table structure for table `migrations`
--

DROP TABLE IF EXISTS `migrations`;
/*!40101 SET @saved_cs_client     = @@character_set_client */;
/*!40101 SET character_set_client = utf8 */;
CREATE TABLE `migrations` (
  `id` int(10) unsigned NOT NULL AUTO_INCREMENT,
  `migration` varchar(255) COLLATE utf8mb4_unicode_ci NOT NULL,
  `batch` int(11) NOT NULL,
  PRIMARY KEY (`id`)
) ENGINE=InnoDB AUTO_INCREMENT=21 DEFAULT CHARSET=utf8mb4 COLLATE=utf8mb4_unicode_ci;
/*!40101 SET character_set_client = @saved_cs_client */;

--
-- Dumping data for table `migrations`
--

LOCK TABLES `migrations` WRITE;
/*!40000 ALTER TABLE `migrations` DISABLE KEYS */;
INSERT INTO `migrations` VALUES (1,'2014_10_12_000000_create_users_table',1),(2,'2014_10_12_100000_create_password_resets_table',1),(3,'2016_01_01_000000_add_voyager_user_fields',1),(4,'2016_01_01_000000_create_data_types_table',1),(5,'2016_01_01_000000_create_pages_table',1),(6,'2016_01_01_000000_create_posts_table',1),(7,'2016_02_15_204651_create_categories_table',1),(8,'2016_05_19_173453_create_menu_table',1),(9,'2016_10_21_190000_create_roles_table',1),(10,'2016_10_21_190000_create_settings_table',1),(11,'2016_11_30_135954_create_permission_table',1),(12,'2016_11_30_141208_create_permission_role_table',1),(13,'2016_12_26_201236_data_types__add__server_side',1),(14,'2017_01_13_000000_add_route_to_menu_items_table',1),(15,'2017_01_14_005015_create_translations_table',1),(16,'2017_01_15_000000_add_permission_group_id_to_permissions_table',1),(17,'2017_01_15_000000_create_permission_groups_table',1),(18,'2017_01_15_000000_make_table_name_nullable_in_permissions_table',1),(19,'2017_03_06_000000_add_controller_to_data_types_table',1),(20,'2017_04_21_000000_add_order_to_data_rows_table',1);
/*!40000 ALTER TABLE `migrations` ENABLE KEYS */;
UNLOCK TABLES;

--
-- Table structure for table `pages`
--

DROP TABLE IF EXISTS `pages`;
/*!40101 SET @saved_cs_client     = @@character_set_client */;
/*!40101 SET character_set_client = utf8 */;
CREATE TABLE `pages` (
  `id` int(10) unsigned NOT NULL AUTO_INCREMENT,
  `author_id` int(11) NOT NULL,
  `title` varchar(255) COLLATE utf8mb4_unicode_ci NOT NULL,
  `excerpt` text COLLATE utf8mb4_unicode_ci,
  `body` text COLLATE utf8mb4_unicode_ci,
  `image` varchar(255) COLLATE utf8mb4_unicode_ci DEFAULT NULL,
  `slug` varchar(190) COLLATE utf8mb4_unicode_ci NOT NULL,
  `meta_description` text COLLATE utf8mb4_unicode_ci,
  `meta_keywords` text COLLATE utf8mb4_unicode_ci,
  `status` enum('ACTIVE','INACTIVE') COLLATE utf8mb4_unicode_ci NOT NULL DEFAULT 'INACTIVE',
  `created_at` timestamp NULL DEFAULT NULL,
  `updated_at` timestamp NULL DEFAULT NULL,
  PRIMARY KEY (`id`),
  UNIQUE KEY `pages_slug_unique` (`slug`)
) ENGINE=InnoDB AUTO_INCREMENT=2 DEFAULT CHARSET=utf8mb4 COLLATE=utf8mb4_unicode_ci;
/*!40101 SET character_set_client = @saved_cs_client */;

--
-- Dumping data for table `pages`
--

LOCK TABLES `pages` WRITE;
/*!40000 ALTER TABLE `pages` DISABLE KEYS */;
INSERT INTO `pages` VALUES (1,0,'Hello World','Hang the jib grog grog blossom grapple dance the hempen jig gangway pressgang bilge rat to go on account lugger. Nelsons folly gabion line draught scallywag fire ship gaff fluke fathom case shot. Sea Legs bilge rat sloop matey gabion long clothes run a shot across the bow Gold Road cog league.','<p>Hello World. Scallywag grog swab Cat o\'nine tails scuttle rigging hardtack cable nipper Yellow Jack. Handsomely spirits knave lad killick landlubber or just lubber deadlights chantey pinnace crack Jennys tea cup. Provost long clothes black spot Yellow Jack bilged on her anchor league lateen sail case shot lee tackle.</p>\n<p>Ballast spirits fluke topmast me quarterdeck schooner landlubber or just lubber gabion belaying pin. Pinnace stern galleon starboard warp carouser to go on account dance the hempen jig jolly boat measured fer yer chains. Man-of-war fire in the hole nipperkin handsomely doubloon barkadeer Brethren of the Coast gibbet driver squiffy.</p>','pages/AAgCCnqHfLlRub9syUdw.jpg','hello-world','Yar Meta Description','Keyword1, Keyword2','ACTIVE','2017-06-25 06:36:16','2017-06-25 06:36:16');
/*!40000 ALTER TABLE `pages` ENABLE KEYS */;
UNLOCK TABLES;

--
-- Table structure for table `password_resets`
--

DROP TABLE IF EXISTS `password_resets`;
/*!40101 SET @saved_cs_client     = @@character_set_client */;
/*!40101 SET character_set_client = utf8 */;
CREATE TABLE `password_resets` (
  `email` varchar(255) COLLATE utf8mb4_unicode_ci NOT NULL,
  `token` varchar(255) COLLATE utf8mb4_unicode_ci NOT NULL,
  `created_at` timestamp NULL DEFAULT NULL,
  KEY `password_resets_email_index` (`email`)
) ENGINE=InnoDB DEFAULT CHARSET=utf8mb4 COLLATE=utf8mb4_unicode_ci;
/*!40101 SET character_set_client = @saved_cs_client */;

--
-- Dumping data for table `password_resets`
--

LOCK TABLES `password_resets` WRITE;
/*!40000 ALTER TABLE `password_resets` DISABLE KEYS */;
/*!40000 ALTER TABLE `password_resets` ENABLE KEYS */;
UNLOCK TABLES;

--
-- Table structure for table `permission_groups`
--

DROP TABLE IF EXISTS `permission_groups`;
/*!40101 SET @saved_cs_client     = @@character_set_client */;
/*!40101 SET character_set_client = utf8 */;
CREATE TABLE `permission_groups` (
  `id` int(10) unsigned NOT NULL AUTO_INCREMENT,
  `name` varchar(190) COLLATE utf8mb4_unicode_ci NOT NULL,
  PRIMARY KEY (`id`),
  UNIQUE KEY `permission_groups_name_unique` (`name`)
) ENGINE=InnoDB DEFAULT CHARSET=utf8mb4 COLLATE=utf8mb4_unicode_ci;
/*!40101 SET character_set_client = @saved_cs_client */;

--
-- Dumping data for table `permission_groups`
--

LOCK TABLES `permission_groups` WRITE;
/*!40000 ALTER TABLE `permission_groups` DISABLE KEYS */;
/*!40000 ALTER TABLE `permission_groups` ENABLE KEYS */;
UNLOCK TABLES;

--
-- Table structure for table `permission_role`
--

DROP TABLE IF EXISTS `permission_role`;
/*!40101 SET @saved_cs_client     = @@character_set_client */;
/*!40101 SET character_set_client = utf8 */;
CREATE TABLE `permission_role` (
  `permission_id` int(10) unsigned NOT NULL,
  `role_id` int(10) unsigned NOT NULL,
  PRIMARY KEY (`permission_id`,`role_id`),
  KEY `permission_role_permission_id_index` (`permission_id`),
  KEY `permission_role_role_id_index` (`role_id`),
  CONSTRAINT `permission_role_permission_id_foreign` FOREIGN KEY (`permission_id`) REFERENCES `permissions` (`id`) ON DELETE CASCADE,
  CONSTRAINT `permission_role_role_id_foreign` FOREIGN KEY (`role_id`) REFERENCES `roles` (`id`) ON DELETE CASCADE
) ENGINE=InnoDB DEFAULT CHARSET=utf8mb4 COLLATE=utf8mb4_unicode_ci;
/*!40101 SET character_set_client = @saved_cs_client */;

--
-- Dumping data for table `permission_role`
--

LOCK TABLES `permission_role` WRITE;
/*!40000 ALTER TABLE `permission_role` DISABLE KEYS */;
INSERT INTO `permission_role` VALUES (1,1),(1,3),(2,1),(3,1),(3,3),(4,1),(5,1),(5,3),(6,1),(6,3),(7,1),(7,3),(8,1),(8,3),(9,1),(9,3),(10,1),(10,3),(11,1),(11,3),(12,1),(12,3),(13,1),(13,3),(14,1),(14,3),(15,1),(16,1),(17,1),(18,1),(19,1),(20,1),(21,1),(22,1),(23,1),(24,1),(25,1),(25,3),(26,1),(26,3),(27,1),(27,3),(28,1),(28,3),(29,1),(29,3),(30,1),(30,3),(31,1),(31,3),(32,1),(32,3),(33,1),(33,3),(34,1),(34,3),(35,1),(35,3),(36,1),(36,3),(37,1),(37,3),(38,1),(38,3),(39,1),(39,3),(40,1),(41,1),(42,1),(43,1),(44,1),(45,1),(46,1),(47,1),(48,1),(49,1);
/*!40000 ALTER TABLE `permission_role` ENABLE KEYS */;
UNLOCK TABLES;

--
-- Table structure for table `permissions`
--

DROP TABLE IF EXISTS `permissions`;
/*!40101 SET @saved_cs_client     = @@character_set_client */;
/*!40101 SET character_set_client = utf8 */;
CREATE TABLE `permissions` (
  `id` int(10) unsigned NOT NULL AUTO_INCREMENT,
  `key` varchar(255) COLLATE utf8mb4_unicode_ci NOT NULL,
  `table_name` varchar(255) COLLATE utf8mb4_unicode_ci DEFAULT NULL,
  `created_at` timestamp NULL DEFAULT NULL,
  `updated_at` timestamp NULL DEFAULT NULL,
  `permission_group_id` int(10) unsigned DEFAULT NULL,
  PRIMARY KEY (`id`),
  KEY `permissions_key_index` (`key`)
) ENGINE=InnoDB AUTO_INCREMENT=50 DEFAULT CHARSET=utf8mb4 COLLATE=utf8mb4_unicode_ci;
/*!40101 SET character_set_client = @saved_cs_client */;

--
-- Dumping data for table `permissions`
--

LOCK TABLES `permissions` WRITE;
/*!40000 ALTER TABLE `permissions` DISABLE KEYS */;
INSERT INTO `permissions` VALUES (1,'browse_admin',NULL,'2017-06-25 06:36:16','2017-06-25 06:36:16',NULL),(2,'browse_database',NULL,'2017-06-25 06:36:16','2017-06-25 06:36:16',NULL),(3,'browse_media',NULL,'2017-06-25 06:36:16','2017-06-25 06:36:16',NULL),(4,'browse_settings',NULL,'2017-06-25 06:36:16','2017-06-25 06:36:16',NULL),(5,'browse_menus','menus','2017-06-25 06:36:16','2017-06-25 06:36:16',NULL),(6,'read_menus','menus','2017-06-25 06:36:16','2017-06-25 06:36:16',NULL),(7,'edit_menus','menus','2017-06-25 06:36:16','2017-06-25 06:36:16',NULL),(8,'add_menus','menus','2017-06-25 06:36:16','2017-06-25 06:36:16',NULL),(9,'delete_menus','menus','2017-06-25 06:36:16','2017-06-25 06:36:16',NULL),(10,'browse_pages','pages','2017-06-25 06:36:16','2017-06-25 06:36:16',NULL),(11,'read_pages','pages','2017-06-25 06:36:16','2017-06-25 06:36:16',NULL),(12,'edit_pages','pages','2017-06-25 06:36:16','2017-06-25 06:36:16',NULL),(13,'add_pages','pages','2017-06-25 06:36:16','2017-06-25 06:36:16',NULL),(14,'delete_pages','pages','2017-06-25 06:36:16','2017-06-25 06:36:16',NULL),(15,'browse_roles','roles','2017-06-25 06:36:16','2017-06-25 06:36:16',NULL),(16,'read_roles','roles','2017-06-25 06:36:16','2017-06-25 06:36:16',NULL),(17,'edit_roles','roles','2017-06-25 06:36:16','2017-06-25 06:36:16',NULL),(18,'add_roles','roles','2017-06-25 06:36:16','2017-06-25 06:36:16',NULL),(19,'delete_roles','roles','2017-06-25 06:36:16','2017-06-25 06:36:16',NULL),(20,'browse_users','users','2017-06-25 06:36:16','2017-06-25 06:36:16',NULL),(21,'read_users','users','2017-06-25 06:36:16','2017-06-25 06:36:16',NULL),(22,'edit_users','users','2017-06-25 06:36:16','2017-06-25 06:36:16',NULL),(23,'add_users','users','2017-06-25 06:36:16','2017-06-25 06:36:16',NULL),(24,'delete_users','users','2017-06-25 06:36:16','2017-06-25 06:36:16',NULL),(25,'browse_posts','posts','2017-06-25 06:36:16','2017-06-25 06:36:16',NULL),(26,'read_posts','posts','2017-06-25 06:36:16','2017-06-25 06:36:16',NULL),(27,'edit_posts','posts','2017-06-25 06:36:16','2017-06-25 06:36:16',NULL),(28,'add_posts','posts','2017-06-25 06:36:16','2017-06-25 06:36:16',NULL),(29,'delete_posts','posts','2017-06-25 06:36:16','2017-06-25 06:36:16',NULL),(30,'browse_categories','categories','2017-06-25 06:36:16','2017-06-25 06:36:16',NULL),(31,'read_categories','categories','2017-06-25 06:36:16','2017-06-25 06:36:16',NULL),(32,'edit_categories','categories','2017-06-25 06:36:16','2017-06-25 06:36:16',NULL),(33,'add_categories','categories','2017-06-25 06:36:16','2017-06-25 06:36:16',NULL),(34,'delete_categories','categories','2017-06-25 06:36:16','2017-06-25 06:36:16',NULL),(35,'browse_teams','teams','2017-06-25 06:56:52','2017-06-25 06:56:52',NULL),(36,'read_teams','teams','2017-06-25 06:56:52','2017-06-25 06:56:52',NULL),(37,'edit_teams','teams','2017-06-25 06:56:52','2017-06-25 06:56:52',NULL),(38,'add_teams','teams','2017-06-25 06:56:52','2017-06-25 06:56:52',NULL),(39,'delete_teams','teams','2017-06-25 06:56:52','2017-06-25 06:56:52',NULL),(40,'browse_clients','clients','2017-06-26 22:53:09','2017-06-26 22:53:09',NULL),(41,'read_clients','clients','2017-06-26 22:53:09','2017-06-26 22:53:09',NULL),(42,'edit_clients','clients','2017-06-26 22:53:09','2017-06-26 22:53:09',NULL),(43,'add_clients','clients','2017-06-26 22:53:09','2017-06-26 22:53:09',NULL),(44,'delete_clients','clients','2017-06-26 22:53:09','2017-06-26 22:53:09',NULL),(45,'browse_expertises','expertises','2017-06-27 06:11:52','2017-06-27 06:11:52',NULL),(46,'read_expertises','expertises','2017-06-27 06:11:52','2017-06-27 06:11:52',NULL),(47,'edit_expertises','expertises','2017-06-27 06:11:52','2017-06-27 06:11:52',NULL),(48,'add_expertises','expertises','2017-06-27 06:11:52','2017-06-27 06:11:52',NULL),(49,'delete_expertises','expertises','2017-06-27 06:11:52','2017-06-27 06:11:52',NULL);
/*!40000 ALTER TABLE `permissions` ENABLE KEYS */;
UNLOCK TABLES;

--
-- Table structure for table `posts`
--

DROP TABLE IF EXISTS `posts`;
/*!40101 SET @saved_cs_client     = @@character_set_client */;
/*!40101 SET character_set_client = utf8 */;
CREATE TABLE `posts` (
  `id` int(10) unsigned NOT NULL AUTO_INCREMENT,
  `author_id` int(11) NOT NULL,
  `category_id` int(11) DEFAULT NULL,
  `title` varchar(255) COLLATE utf8mb4_unicode_ci NOT NULL,
  `seo_title` varchar(255) COLLATE utf8mb4_unicode_ci DEFAULT NULL,
  `excerpt` text COLLATE utf8mb4_unicode_ci NOT NULL,
  `body` text COLLATE utf8mb4_unicode_ci NOT NULL,
  `image` varchar(255) COLLATE utf8mb4_unicode_ci DEFAULT NULL,
  `slug` varchar(190) COLLATE utf8mb4_unicode_ci NOT NULL,
  `meta_description` text COLLATE utf8mb4_unicode_ci NOT NULL,
  `meta_keywords` text COLLATE utf8mb4_unicode_ci NOT NULL,
  `status` enum('PUBLISHED','DRAFT','PENDING') COLLATE utf8mb4_unicode_ci NOT NULL DEFAULT 'DRAFT',
  `featured` tinyint(1) NOT NULL DEFAULT '0',
  `created_at` timestamp NULL DEFAULT NULL,
  `updated_at` timestamp NULL DEFAULT NULL,
  PRIMARY KEY (`id`),
  UNIQUE KEY `posts_slug_unique` (`slug`)
) ENGINE=InnoDB AUTO_INCREMENT=5 DEFAULT CHARSET=utf8mb4 COLLATE=utf8mb4_unicode_ci;
/*!40101 SET character_set_client = @saved_cs_client */;

--
-- Dumping data for table `posts`
--

LOCK TABLES `posts` WRITE;
/*!40000 ALTER TABLE `posts` DISABLE KEYS */;
INSERT INTO `posts` VALUES (1,0,NULL,'Lorem Ipsum Post',NULL,'This is the excerpt for the Lorem Ipsum Post','<p>This is the body of the lorem ipsum post</p>','posts/nlje9NZQ7bTMYOUG4lF1.jpg','lorem-ipsum-post','This is the meta description','keyword1, keyword2, keyword3','PUBLISHED',0,'2017-06-25 06:36:16','2017-06-25 06:36:16'),(2,0,NULL,'My Sample Post',NULL,'This is the excerpt for the sample Post','<p>This is the body for the sample post, which includes the body.</p>\n                <h2>We can use all kinds of format!</h2>\n                <p>And include a bunch of other stuff.</p>','posts/7uelXHi85YOfZKsoS6Tq.jpg','my-sample-post','Meta Description for sample post','keyword1, keyword2, keyword3','PUBLISHED',0,'2017-06-25 06:36:16','2017-06-25 06:36:16'),(3,0,NULL,'Latest Post',NULL,'This is the excerpt for the latest post','<p>This is the body for the latest post</p>','posts/9txUSY6wb7LTBSbDPrD9.jpg','latest-post','This is the meta description','keyword1, keyword2, keyword3','PUBLISHED',0,'2017-06-25 06:36:16','2017-06-25 06:36:16'),(4,0,NULL,'Yarr Post',NULL,'Reef sails nipperkin bring a spring upon her cable coffer jury mast spike marooned Pieces of Eight poop deck pillage. Clipper driver coxswain galleon hempen halter come about pressgang gangplank boatswain swing the lead. Nipperkin yard skysail swab lanyard Blimey bilge water ho quarter Buccaneer.','<p>Swab deadlights Buccaneer fire ship square-rigged dance the hempen jig weigh anchor cackle fruit grog furl. Crack Jennys tea cup chase guns pressgang hearties spirits hogshead Gold Road six pounders fathom measured fer yer chains. Main sheet provost come about trysail barkadeer crimp scuttle mizzenmast brig plunder.</p>\n<p>Mizzen league keelhaul galleon tender cog chase Barbary Coast doubloon crack Jennys tea cup. Blow the man down lugsail fire ship pinnace cackle fruit line warp Admiral of the Black strike colors doubloon. Tackle Jack Ketch come about crimp rum draft scuppers run a shot across the bow haul wind maroon.</p>\n<p>Interloper heave down list driver pressgang holystone scuppers tackle scallywag bilged on her anchor. Jack Tar interloper draught grapple mizzenmast hulk knave cable transom hogshead. Gaff pillage to go on account grog aft chase guns piracy yardarm knave clap of thunder.</p>','posts/yuk1fBwmKKZdY2qR1ZKM.jpg','yarr-post','this be a meta descript','keyword1, keyword2, keyword3','PUBLISHED',0,'2017-06-25 06:36:16','2017-06-25 06:36:16');
/*!40000 ALTER TABLE `posts` ENABLE KEYS */;
UNLOCK TABLES;

--
-- Table structure for table `roles`
--

DROP TABLE IF EXISTS `roles`;
/*!40101 SET @saved_cs_client     = @@character_set_client */;
/*!40101 SET character_set_client = utf8 */;
CREATE TABLE `roles` (
  `id` int(10) unsigned NOT NULL AUTO_INCREMENT,
  `name` varchar(190) COLLATE utf8mb4_unicode_ci NOT NULL,
  `display_name` varchar(255) COLLATE utf8mb4_unicode_ci NOT NULL,
  `created_at` timestamp NULL DEFAULT NULL,
  `updated_at` timestamp NULL DEFAULT NULL,
  PRIMARY KEY (`id`),
  UNIQUE KEY `roles_name_unique` (`name`)
) ENGINE=InnoDB AUTO_INCREMENT=4 DEFAULT CHARSET=utf8mb4 COLLATE=utf8mb4_unicode_ci;
/*!40101 SET character_set_client = @saved_cs_client */;

--
-- Dumping data for table `roles`
--

LOCK TABLES `roles` WRITE;
/*!40000 ALTER TABLE `roles` DISABLE KEYS */;
INSERT INTO `roles` VALUES (1,'admin','Administrator','2017-06-25 06:36:16','2017-06-25 06:36:16'),(2,'user','Normal User','2017-06-25 06:36:16','2017-06-25 06:36:16'),(3,'Editor','Editor','2017-06-25 06:43:43','2017-06-25 06:43:43');
/*!40000 ALTER TABLE `roles` ENABLE KEYS */;
UNLOCK TABLES;

--
-- Table structure for table `settings`
--

DROP TABLE IF EXISTS `settings`;
/*!40101 SET @saved_cs_client     = @@character_set_client */;
/*!40101 SET character_set_client = utf8 */;
CREATE TABLE `settings` (
  `id` int(10) unsigned NOT NULL AUTO_INCREMENT,
  `key` varchar(190) COLLATE utf8mb4_unicode_ci NOT NULL,
  `display_name` varchar(255) COLLATE utf8mb4_unicode_ci NOT NULL,
  `value` text COLLATE utf8mb4_unicode_ci NOT NULL,
  `details` text COLLATE utf8mb4_unicode_ci,
  `type` varchar(255) COLLATE utf8mb4_unicode_ci NOT NULL,
  `order` int(11) NOT NULL DEFAULT '1',
  PRIMARY KEY (`id`),
  UNIQUE KEY `settings_key_unique` (`key`)
) ENGINE=InnoDB AUTO_INCREMENT=10 DEFAULT CHARSET=utf8mb4 COLLATE=utf8mb4_unicode_ci;
/*!40101 SET character_set_client = @saved_cs_client */;

--
-- Dumping data for table `settings`
--

LOCK TABLES `settings` WRITE;
/*!40000 ALTER TABLE `settings` DISABLE KEYS */;
INSERT INTO `settings` VALUES (1,'title','Site Title','Welcome to CAMMA Services','','text',1),(2,'description','Site Description','we\'re committed to provides all of you with The Best Services','','text',2),(3,'logo','Site Logo','','','image',3),(4,'admin_bg_image','Admin Background Image','','','image',9),(5,'admin_title','Admin Title','CAMMA Admin Panel','','text',4),(6,'admin_description','Admin Description','Managing cPanel','','text',5),(7,'admin_loader','Admin Loader','','','image',6),(8,'admin_icon_image','Admin Icon Image','','','image',7),(9,'google_analytics_client_id','Google Analytics Client ID','','','text',9);
/*!40000 ALTER TABLE `settings` ENABLE KEYS */;
UNLOCK TABLES;

--
-- Table structure for table `teams`
--

DROP TABLE IF EXISTS `teams`;
/*!40101 SET @saved_cs_client     = @@character_set_client */;
/*!40101 SET character_set_client = utf8 */;
CREATE TABLE `teams` (
  `id` int(10) unsigned NOT NULL AUTO_INCREMENT,
  `full_name` mediumtext COLLATE utf8_unicode_ci,
  `phone_number` mediumtext COLLATE utf8_unicode_ci,
  `email_address` mediumtext COLLATE utf8_unicode_ci,
  `avatar` mediumtext COLLATE utf8_unicode_ci,
  `description` text COLLATE utf8_unicode_ci,
  `created_at` timestamp NULL DEFAULT NULL,
  `updated_at` timestamp NULL DEFAULT NULL,
  `deleted_at` timestamp NULL DEFAULT NULL,
  PRIMARY KEY (`id`)
) ENGINE=InnoDB AUTO_INCREMENT=2 DEFAULT CHARSET=utf8 COLLATE=utf8_unicode_ci;
/*!40101 SET character_set_client = @saved_cs_client */;

--
-- Dumping data for table `teams`
--

LOCK TABLES `teams` WRITE;
/*!40000 ALTER TABLE `teams` DISABLE KEYS */;
INSERT INTO `teams` VALUES (1,'Orm Ponnareay','070 245 508','ormponnareay@gmail.com','teams/June2017/Izc2EfQgp8RQko3v1UZQ.jpg','Senior Training Executive at Cambodian Federation of Employers and Business Associations (CAMFEBA)\r\nIT at Radio National of Kampuchea\r\nFormer Training Executive at Cambodian Federation of Employers and Business Associations (CAMFEBA)\r\nFormer Training Assistant at Cambodian Federation of Employers and Business Associations (CAMFEBA)\r\nFormer IT Assistant at Cambodian Federation of Employers and Bussiness Association (CAMFEBA)','2017-06-25 07:03:48','2017-06-25 07:04:23',NULL);
/*!40000 ALTER TABLE `teams` ENABLE KEYS */;
UNLOCK TABLES;

--
-- Table structure for table `translations`
--

DROP TABLE IF EXISTS `translations`;
/*!40101 SET @saved_cs_client     = @@character_set_client */;
/*!40101 SET character_set_client = utf8 */;
CREATE TABLE `translations` (
  `id` int(10) unsigned NOT NULL AUTO_INCREMENT,
  `table_name` varchar(190) COLLATE utf8mb4_unicode_ci NOT NULL,
  `column_name` varchar(190) COLLATE utf8mb4_unicode_ci NOT NULL,
  `foreign_key` int(10) unsigned NOT NULL,
  `locale` varchar(190) COLLATE utf8mb4_unicode_ci NOT NULL,
  `value` text COLLATE utf8mb4_unicode_ci NOT NULL,
  `created_at` timestamp NULL DEFAULT NULL,
  `updated_at` timestamp NULL DEFAULT NULL,
  PRIMARY KEY (`id`),
  UNIQUE KEY `translations_table_name_column_name_foreign_key_locale_unique` (`table_name`,`column_name`,`foreign_key`,`locale`)
) ENGINE=InnoDB AUTO_INCREMENT=27 DEFAULT CHARSET=utf8mb4 COLLATE=utf8mb4_unicode_ci;
/*!40101 SET character_set_client = @saved_cs_client */;

--
-- Dumping data for table `translations`
--

LOCK TABLES `translations` WRITE;
/*!40000 ALTER TABLE `translations` DISABLE KEYS */;
INSERT INTO `translations` VALUES (1,'data_types','display_name_singular',1,'pt','Post','2017-06-25 06:36:16','2017-06-25 06:36:16'),(2,'data_types','display_name_singular',2,'pt','Página','2017-06-25 06:36:16','2017-06-25 06:36:16'),(3,'data_types','display_name_singular',3,'pt','Utilizador','2017-06-25 06:36:16','2017-06-25 06:36:16'),(4,'data_types','display_name_singular',4,'pt','Categoria','2017-06-25 06:36:16','2017-06-25 06:36:16'),(5,'data_types','display_name_singular',5,'pt','Menu','2017-06-25 06:36:16','2017-06-25 06:36:16'),(6,'data_types','display_name_singular',6,'pt','Função','2017-06-25 06:36:16','2017-06-25 06:36:16'),(7,'data_types','display_name_plural',1,'pt','Posts','2017-06-25 06:36:16','2017-06-25 06:36:16'),(8,'data_types','display_name_plural',2,'pt','Páginas','2017-06-25 06:36:16','2017-06-25 06:36:16'),(9,'data_types','display_name_plural',3,'pt','Utilizadores','2017-06-25 06:36:16','2017-06-25 06:36:16'),(10,'data_types','display_name_plural',4,'pt','Categorias','2017-06-25 06:36:16','2017-06-25 06:36:16'),(11,'data_types','display_name_plural',5,'pt','Menus','2017-06-25 06:36:16','2017-06-25 06:36:16'),(12,'data_types','display_name_plural',6,'pt','Funções','2017-06-25 06:36:16','2017-06-25 06:36:16'),(13,'pages','title',1,'pt','Olá Mundo','2017-06-25 06:36:16','2017-06-25 06:36:16'),(14,'pages','slug',1,'pt','ola-mundo','2017-06-25 06:36:16','2017-06-25 06:36:16'),(15,'pages','body',1,'pt','<p>Olá Mundo. Scallywag grog swab Cat o\'nine tails scuttle rigging hardtack cable nipper Yellow Jack. Handsomely spirits knave lad killick landlubber or just lubber deadlights chantey pinnace crack Jennys tea cup. Provost long clothes black spot Yellow Jack bilged on her anchor league lateen sail case shot lee tackle.</p>\r\n<p>Ballast spirits fluke topmast me quarterdeck schooner landlubber or just lubber gabion belaying pin. Pinnace stern galleon starboard warp carouser to go on account dance the hempen jig jolly boat measured fer yer chains. Man-of-war fire in the hole nipperkin handsomely doubloon barkadeer Brethren of the Coast gibbet driver squiffy.</p>','2017-06-25 06:36:16','2017-06-25 06:36:16'),(16,'menu_items','title',1,'pt','Painel de Controle','2017-06-25 06:36:16','2017-06-25 06:36:16'),(17,'menu_items','title',2,'pt','Media','2017-06-25 06:36:16','2017-06-25 06:36:16'),(18,'menu_items','title',3,'pt','Publicações','2017-06-25 06:36:16','2017-06-25 06:36:16'),(19,'menu_items','title',4,'pt','Utilizadores','2017-06-25 06:36:16','2017-06-25 06:36:16'),(20,'menu_items','title',5,'pt','Categorias','2017-06-25 06:36:16','2017-06-25 06:36:16'),(21,'menu_items','title',6,'pt','Páginas','2017-06-25 06:36:16','2017-06-25 06:36:16'),(22,'menu_items','title',7,'pt','Funções','2017-06-25 06:36:16','2017-06-25 06:36:16'),(23,'menu_items','title',8,'pt','Ferramentas','2017-06-25 06:36:16','2017-06-25 06:36:16'),(24,'menu_items','title',9,'pt','Menus','2017-06-25 06:36:16','2017-06-25 06:36:16'),(25,'menu_items','title',10,'pt','Base de dados','2017-06-25 06:36:16','2017-06-25 06:36:16'),(26,'menu_items','title',11,'pt','Configurações','2017-06-25 06:36:16','2017-06-25 06:36:16');
/*!40000 ALTER TABLE `translations` ENABLE KEYS */;
UNLOCK TABLES;

--
-- Table structure for table `users`
--

DROP TABLE IF EXISTS `users`;
/*!40101 SET @saved_cs_client     = @@character_set_client */;
/*!40101 SET character_set_client = utf8 */;
CREATE TABLE `users` (
  `id` int(10) unsigned NOT NULL AUTO_INCREMENT,
  `role_id` int(11) DEFAULT NULL,
  `name` varchar(255) COLLATE utf8mb4_unicode_ci NOT NULL,
  `email` varchar(190) COLLATE utf8mb4_unicode_ci NOT NULL,
  `avatar` varchar(255) COLLATE utf8mb4_unicode_ci DEFAULT NULL,
  `password` varchar(255) COLLATE utf8mb4_unicode_ci NOT NULL,
  `remember_token` varchar(100) COLLATE utf8mb4_unicode_ci DEFAULT NULL,
  `created_at` timestamp NULL DEFAULT NULL,
  `updated_at` timestamp NULL DEFAULT NULL,
  PRIMARY KEY (`id`),
  UNIQUE KEY `users_email_unique` (`email`)
) ENGINE=InnoDB AUTO_INCREMENT=3 DEFAULT CHARSET=utf8mb4 COLLATE=utf8mb4_unicode_ci;
/*!40101 SET character_set_client = @saved_cs_client */;

--
-- Dumping data for table `users`
--

LOCK TABLES `users` WRITE;
/*!40000 ALTER TABLE `users` DISABLE KEYS */;
INSERT INTO `users` VALUES (1,1,'Mr.Theavuth','theavuth.nhel.kh@gmail.com','users/default.png','$2y$10$WURH9L6HRKQFMg..fMVlnOs6MnFXxUlA0japy4tnLXBqYe0EiT3Dy','sm70HIRAVta03TqorVBWYRESwegwxbQc3hTuUyZe8Pea5FIRxT22PVO68QgN','2017-06-25 06:36:16','2017-06-25 06:40:53'),(2,3,'Orm Ponnareay','ormponnareay@gmail.com','users/default.png','$2y$10$SxHh4zCsqH3nRCV5bzZH2uWVujnKvx3JvWPaIjsvludLkkMvD3zCG','zZQuz4O2JrgTQm3Nd0co6eK4BB1LRM7bgvBhU0K2v1ppy7Vm8OayiOeBTbvn','2017-06-25 06:44:26','2017-06-25 06:44:26');
/*!40000 ALTER TABLE `users` ENABLE KEYS */;
UNLOCK TABLES;
/*!40103 SET TIME_ZONE=@OLD_TIME_ZONE */;

/*!40101 SET SQL_MODE=@OLD_SQL_MODE */;
/*!40014 SET FOREIGN_KEY_CHECKS=@OLD_FOREIGN_KEY_CHECKS */;
/*!40014 SET UNIQUE_CHECKS=@OLD_UNIQUE_CHECKS */;
/*!40101 SET CHARACTER_SET_CLIENT=@OLD_CHARACTER_SET_CLIENT */;
/*!40101 SET CHARACTER_SET_RESULTS=@OLD_CHARACTER_SET_RESULTS */;
/*!40101 SET COLLATION_CONNECTION=@OLD_COLLATION_CONNECTION */;
/*!40111 SET SQL_NOTES=@OLD_SQL_NOTES */;

-- Dump completed on 2017-06-27 20:56:49
